country,date,actual,target_date,available_date,target_available_date,ridge,hgb,bridge,dfm,midas,bvar,point,q10,q50,q90,origin,horizon_q
BRA,2023-09-30,-0.7200000000000002,2023-12-31,2023-11-14,2024-02-14,-0.9852060553697577,-0.7339412528907893,0.40006117694485016,0.5040800649927284,-0.4585047843766808,-0.4486860482814462,-0.7263047829108572,-0.8049516187971586,-0.7263047829108572,-0.6789315707393703,2024-02-14,1
BRA,2023-12-31,-0.4800000000000001,2024-03-31,2024-02-14,2024-05-15,-0.04080762967119533,-0.5201862621323331,0.40006117694485016,0.5040535703448853,-0.49067803262460213,-0.4810357290766988,-0.5119807401028613,-0.5906275759891628,-0.5119807401028613,-0.4646075279313744,2024-02-14,1
CAN,2023-09-30,1.24,2023-12-31,2023-11-14,2024-02-14,0.9028463863361778,1.4014701859459142,0.40006117694485016,0.32173088397388216,1.121607004879024,1.0856987220224568,1.1959960675922718,1.1173492317059703,1.1959960675922718,1.2433692797637588,2024-02-14,1
CAN,2023-12-31,1.38,2024-03-31,2024-02-14,2024-05-15,1.9224678531989738,0.9472461253939137,0.40006117694485016,0.32170438932603923,1.0894337566311028,1.0533490412272042,1.2687248015502028,1.1900779656639013,1.2687248015502028,1.3160980137216898,2024-02-14,1
CHN,2023-09-30,-0.42,2023-12-31,2023-11-14,2024-02-14,-0.6916562687413215,-0.33818192913485456,0.40006117694485016,0.5042787748515513,-0.21720542251726987,-0.20606344231705165,-0.41116570287432497,-0.4898125387606264,-0.41116570287432497,-0.36379249070283803,2024-02-14,1
CHN,2023-12-31,-0.17999999999999983,2024-03-31,2024-02-14,2024-05-15,0.25274215695723456,-0.23889857812119966,0.40006117694485016,0.5042522802037082,-0.24937867076519132,-0.23841312311230423,-0.22364862976991348,-0.3022954656562149,-0.22364862976991348,-0.17627541759842652,2024-02-14,1
DEU,2023-09-30,0.09999999999999962,2023-12-31,2023-11-14,2024-02-14,-0.1828366385853482,0.13911656077207935,0.40006117694485016,0.5046232052735111,0.20104680470570824,0.21448240802123125,0.08620566891081333,0.0075588330245118796,0.08620566891081333,0.1335788810823003,2024-02-14,1
DEU,2023-12-31,0.33999999999999975,2024-03-31,2024-02-14,2024-05-15,0.7615617871132132,0.4166376661181576,0.40006117694485016,0.504596710625668,0.1688735564577868,0.18213272722597865,0.3154624610502278,0.23681562516392635,0.3154624610502278,0.3628356732217147,2024-02-14,1
FRA,2023-09-30,-1.85,2023-12-31,2023-11-14,2024-02-14,-2.0909102516702305,-1.8397711809639956,0.40006117694485016,0.503331591191162,-1.367399047380461,-1.3625645307473309,-1.8232013070989823,-1.9018481429852838,-1.8232013070989823,-1.7758280949274954,2024-02-14,1
FRA,2023-12-31,-1.6099999999999999,2024-03-31,2024-02-14,2024-05-15,-1.1465118259716687,-1.6306702349718676,0.40006117694485016,0.5033050965433189,-1.3995722956283827,-1.3949142115425834,-1.6099671485394191,-1.6886139844257206,-1.6099671485394191,-1.5625939363679322,2024-02-14,1
GBR,2023-09-30,0.33999999999999997,2023-12-31,2023-11-14,2024-02-14,1.1004086725572,0.3110366167433568,0.40006117694485016,0.21873507149328514,0.41009026164250034,0.3678545937191788,0.4884242233228576,0.4097773874365562,0.4884242233228576,0.5357974354943446,2024-02-14,1
GBR,2023-12-31,0.68,2024-03-31,2024-02-14,2024-05-15,2.6465914275697373,0.42341553857729897,0.40006117694485016,0.21870857684544207,0.3779170133945789,0.3355049129239262,0.7976642721464045,0.719017436260103,0.7976642721464045,0.8450374843178914,2024-02-14,1
IND,2023-09-30,-2.59,2023-12-31,2023-11-14,2024-02-14,-2.8149997253537125,-2.4536240545638512,0.40006117694485016,0.5028414402060654,-1.9626041399670069,-1.9610336254595029,-2.5156884348092654,-2.594335270695567,-2.5156884348092654,-2.4683152226377785,2024-02-14,1
IND,2023-12-31,-2.35,2024-03-31,2024-02-14,2024-05-15,-1.8706012996551493,-2.27992062165695,0.40006117694485016,0.5028149455582223,-1.9947773882149284,-1.9933833062547555,-2.3107436662066667,-2.389390502092968,-2.3107436662066667,-2.26337045403518,2024-02-14,1
JPN,2023-09-30,-0.07000000000000031,2023-12-31,2023-11-14,2024-02-14,-0.34918151767480293,-0.10850659130189243,0.40006117694485016,0.5045106030201781,0.06431049965204223,0.07699626464140788,-0.09784347930764485,-0.1764903151939463,-0.09784347930764485,-0.05047026713615789,2024-02-14,1
JPN,2023-12-31,0.16999999999999982,2024-03-31,2024-02-14,2024-05-15,0.5952169080237537,0.14602526100314087,0.40006117694485016,0.504484108372335,0.03213725140412081,0.04464658384615533,0.12602968933206873,0.04738285344576729,0.12602968933206873,0.1734029015035557,2024-02-14,1
MEX,2023-09-30,0.009999999999999752,2023-12-31,2023-11-14,2024-02-14,-0.2709015745738808,0.034871048152672376,0.40006117694485016,0.5045635923158641,0.12865699614788512,0.14169562623191306,-0.00494459357401375,-0.0835914294603152,-0.00494459357401375,0.04242861859747321,2024-02-14,1
MEX,2023-12-31,0.2499999999999999,2024-03-31,2024-02-14,2024-05-15,0.6734968511246832,0.24176003256776488,0.40006117694485016,0.5045370976680211,0.09648374789996371,0.1093459454366605,0.207771567802027,0.12912473191572554,0.207771567802027,0.2551447799735139,2024-02-14,1
USA,2023-09-30,2.54,2023-12-31,2023-11-14,2024-02-14,2.523352279459588,2.563191667221142,2.0943191318737906,0.6286489515616822,2.1803645777214764,2.227163188646936,2.6069064635323924,2.528259627646091,2.6069064635323924,2.6542796757038793,2024-02-14,1
USA,2023-12-31,2.08,2024-03-31,2024-02-14,2024-05-15,2.339405087694514,0.20368021324064486,2.2818506876563944,0.6286224569138391,2.148191329473555,2.1948135078516833,2.0023032699546843,1.9236564340683828,2.0023032699546843,2.0496764821261713,2024-02-14,1
BRA,2023-12-31,-0.4800000000000001,2024-03-31,2024-02-14,2024-05-15,-0.01401188333775849,-0.510763309563412,0.3911679080493875,0.488059195902011,-0.49655170481785854,-0.4879604589615367,-0.517865713979985,-0.583493306770029,-0.517865713979985,-0.4408684665471743,2024-05-15,1
BRA,2024-03-31,-0.3600000000000001,2024-06-30,2024-05-15,2024-08-14,0.2522444518136997,-0.3886410952486015,0.3911679080493875,0.4895078175334611,-0.29997282030144273,-0.29643655361912175,-0.3029982750434258,-0.3686258678334697,-0.3029982750434258,-0.22600102761061508,2024-05-15,1
CAN,2023-12-31,1.38,2024-03-31,2024-02-14,2024-05-15,1.9289579802857257,0.7623827738954049,0.3911679080493875,0.31560484943210826,1.0934848957811603,1.0598518337035188,1.2564518421676356,1.1908242493775918,1.2564518421676356,1.3334490896004463,2024-05-15,1
CAN,2024-03-31,1.5,2024-06-30,2024-05-15,2024-08-14,1.6095739018450306,1.778328282083954,0.3911679080493875,0.3176453732408398,1.2019039494095842,1.173468775114714,1.5454175784904924,1.4797899857004486,1.5454175784904924,1.622414825923303,2024-05-15,1
CHN,2023-12-31,-0.17999999999999983,2024-03-31,2024-02-14,2024-05-15,0.27962464239903806,-0.23149392733338173,0.3911679080493875,0.4881306677417275,-0.2548904409388628,-0.24502386874648646,-0.2217238599150032,-0.2873514527050471,-0.2217238599150032,-0.14472661248219248,2024-05-15,1
CHN,2024-03-31,-0.05999999999999983,2024-06-30,2024-05-15,2024-08-14,0.5458809775505071,-0.1641175661340227,0.3911679080493875,0.4895792893731776,-0.05831155642244698,-0.05349996340407165,-0.022701755672446366,-0.08832934846249024,-0.022701755672446366,0.05429549176036434,2024-05-15,1
DEU,2023-12-31,0.33999999999999975,2024-03-31,2024-02-14,2024-05-15,0.788594620342851,0.396167587486691,0.3911679080493875,0.4882545522639026,0.16398908311806243,0.17606622095959973,0.333149903916086,0.26752231112604213,0.333149903916086,0.41014715134889673,2024-05-15,1
DEU,2024-03-31,0.45999999999999974,2024-06-30,2024-05-15,2024-08-14,1.0548509554943108,0.45188839060528074,0.3911679080493875,0.4897031738953527,0.36056796763447835,0.3675901263020146,0.5287984883699232,0.4631708955798793,0.5287984883699232,0.6057957358027338,2024-05-15,1
FRA,2023-12-31,-1.6099999999999999,2024-03-31,2024-02-14,2024-05-15,-1.1200427969464026,-1.6066638193784455,0.3911679080493875,0.48778998530574574,-1.4068091320954084,-1.4030216154382245,-1.646064379800626,-1.7116919725906699,-1.646064379800626,-1.5690671323678154,2024-05-15,1
FRA,2024-03-31,-1.49,2024-06-30,2024-05-15,2024-08-14,-0.8537864617949442,-1.531204694625706,0.3911679080493875,0.48923860693719584,-1.2102302475789923,-1.2114977100958095,-1.4447028455105437,-1.5103304383005876,-1.4447028455105437,-1.367705598077733,2024-05-15,1
GBR,2023-12-31,0.68,2024-03-31,2024-02-14,2024-05-15,2.5667967277410177,-0.17956235689817707,0.3911679080493875,0.2672804661146868,0.38593681633891136,0.3466357932150896,0.6955962927655264,0.6299686999754825,0.6955962927655264,0.772593540198337,2024-05-15,1
GBR,2024-03-31,0.8,2024-06-30,2024-05-15,2024-08-14,1.1121575400253203,0.5455242258540738,0.3911679080493875,0.2761317399133786,0.6308485209637167,0.6090597745080273,0.7281750759449176,0.6625474831548737,0.7281750759449176,0.8051723233777283,2024-05-15,1
IND,2023-12-31,-2.35,2024-03-31,2024-02-14,2024-05-15,-1.844346227097198,-2.242438937506155,0.3911679080493875,0.4876136881011119,-2.002906916330264,-2.0022652046353473,-2.361181731838686,-2.4268093246287297,-2.361181731838686,-2.284184484405875,2024-05-15,1
IND,2024-03-31,-2.23,2024-06-30,2024-05-15,2024-08-14,-1.5780898919457413,-2.183925037350831,0.3911679080493875,0.489062309732562,-1.8063280318138482,-1.810741299292933,-2.164724728941054,-2.2303523217310977,-2.164724728941054,-2.087727481508243,2024-05-15,1
JPN,2023-12-31,0.16999999999999982,2024-03-31,2024-02-14,2024-05-15,0.6222005890919826,0.11387919539419342,0.3911679080493875,0.4882140515547299,0.02704770025329835,0.038402153171071485,0.12943597250078076,0.06380837971073688,0.12943597250078076,0.20643321993359148,2024-05-15,1
JPN,2024-03-31,0.2899999999999998,2024-06-30,2024-05-15,2024-08-14,0.8884569242434504,0.26774867222809934,0.3911679080493875,0.48966267318618006,0.2236265847697142,0.2299260585134863,0.35349216221217516,0.2878645694221313,0.35349216221217516,0.4304894096449859,2024-05-15,1
MEX,2023-12-31,0.2499999999999999,2024-03-31,2024-02-14,2024-05-15,0.7005036626218124,0.23520984940497872,0.3911679080493875,0.48823311071198766,0.09149070395436389,0.10318524389508486,0.22196968899669084,0.15634209620664696,0.22196968899669084,0.29896693642950156,2024-05-15,1
MEX,2024-03-31,0.3699999999999999,2024-06-30,2024-05-15,2024-08-14,0.9667599977732675,0.45188839060528074,0.3911679080493875,0.4896817323434378,0.28806958847077974,0.2947091492374997,0.4642049843401388,0.3985773915500949,0.4642049843401388,0.5412022317729495,2024-05-15,1
USA,2023-12-31,2.08,2024-03-31,2024-02-14,2024-05-15,2.3424652263035464,0.129287695536906,2.30705747862757,0.6233513085268629,2.1523704431409527,2.197448571687578,2.109229918774712,2.043602325984668,2.109229918774712,2.1862271662075226,2024-05-15,1
USA,2024-03-31,2.2,2024-06-30,2024-05-15,2024-08-14,1.6505721146033439,1.5034627008905974,1.99465539439121,0.6286207789871818,1.7780607469634153,1.8257671846935688,2.0760413822226886,2.010413789432645,2.0760413822226886,2.1530386296554993,2024-05-15,1
BRA,2024-03-31,-0.3600000000000001,2024-06-30,2024-05-15,2024-08-14,0.21006626915608823,-0.410093369786332,0.3850191796078575,0.46228280108882275,-0.30118095709509846,-0.2986110216015399,-0.3577792072103433,-0.40303493032337884,-0.3577792072103433,-0.31361538963569274,2024-08-14,1
BRA,2024-06-30,-0.2800000000000001,2024-09-30,2024-08-14,2024-11-14,0.260484178416031,-0.2730728594306484,0.3850191796078575,0.46229036185366007,-0.20454153611399173,-0.2014744380048858,-0.2457330021075883,-0.29098872522062386,-0.2457330021075883,-0.20156918453293776,2024-08-14,1
CAN,2024-03-31,1.5,2024-06-30,2024-05-15,2024-08-14,1.5587749634504586,1.7467300531736982,0.3850191796078575,0.31698812179603203,1.205204805813345,1.1809014418986374,1.502324445893387,1.4570687227803516,1.502324445893387,1.5464882634680377,2024-08-14,1
CAN,2024-06-30,1.58,2024-09-30,2024-08-14,2024-11-14,1.5711181391394136,1.7467300531736982,0.3850191796078575,0.3169956825608693,1.3018442267944517,1.2780380254952917,1.5653600345857803,1.5201043114727448,1.5653600345857803,1.609523852160431,2024-08-14,1
CHN,2024-03-31,-0.05999999999999983,2024-06-30,2024-05-15,2024-08-14,0.503893701134676,-0.15442530881100539,0.3850191796078575,0.46230170300091605,-0.05958240464233153,-0.055769562609904455,-0.07000760855405502,-0.11526333166709057,-0.07000760855405502,-0.025843790979404473,2024-08-14,1
CHN,2024-06-30,0.02000000000000017,2024-09-30,2024-08-14,2024-11-14,0.5543116103946182,0.12292543308467857,0.3850191796078575,0.46230926376575343,0.037057016338775145,0.04136702098674962,0.08436345110040816,0.0391077279873726,0.08436345110040816,0.1285272686750587,2024-08-14,1
DEU,2024-03-31,0.45999999999999974,2024-06-30,2024-05-15,2024-08-14,1.0131945832309004,0.4487330303276092,0.3850191796078575,0.46233446631521125,0.3591884196091304,0.3651556329755963,0.47705403927877554,0.43179831616574,0.47705403927877554,0.5212178568534261,2024-08-14,1
DEU,2024-06-30,0.5399999999999997,2024-09-30,2024-08-14,2024-11-14,1.0636124924908437,0.5426037792563185,0.3850191796078575,0.4623420270800486,0.45582784059023707,0.4622922165722504,0.5760858899099709,0.5308301667969353,0.5760858899099709,0.6202497074846215,2024-08-14,1
FRA,2024-03-31,-1.49,2024-06-30,2024-05-15,2024-08-14,-0.8966837246299346,-1.534988719048298,0.3850191796078575,0.4622116038866044,-1.211202171333853,-1.2133138504700325,-1.4905430474347086,-1.535798770547744,-1.4905430474347086,-1.446379229860058,2024-08-14,1
FRA,2024-06-30,-1.41,2024-09-30,2024-08-14,2024-11-14,-0.8462658153699907,-1.522345968511166,0.3850191796078575,0.46221916465144175,-1.1145627503527462,-1.1161772668733785,-1.416010288551038,-1.4612660116640734,-1.416010288551038,-1.3718464709763873,2024-08-14,1
GBR,2024-03-31,0.8,2024-06-30,2024-05-15,2024-08-14,0.9911180609418129,0.6225009155077807,0.3850191796078575,0.32622314658866775,0.635961981144692,0.6176894643226216,0.6945554916108775,0.6492997684978419,0.6945554916108775,0.7387193091855281,2024-08-14,1
GBR,2024-06-30,0.88,2024-09-30,2024-08-14,2024-11-14,0.9197677615532633,0.5379604668578029,0.3850191796078575,0.3262307073535051,0.7326014021257987,0.7148260479192756,0.7152024328144851,0.6699467097014495,0.7152024328144851,0.7593662503891357,2024-08-14,1
IND,2024-03-31,-2.23,2024-06-30,2024-05-15,2024-08-14,-1.6214580568437855,-2.1955310342602803,0.3850191796078575,0.46216497917010746,-1.807145267384011,-1.8123227826493995,-2.2093960857036086,-2.2546518088166443,-2.2093960857036086,-2.165232268128958,2024-08-14,1
IND,2024-06-30,-2.15,2024-09-30,2024-08-14,2024-11-14,-1.571040147583842,-2.13899380270697,0.3850191796078575,0.4621725399349448,-1.7105058464029042,-1.7151861990527453,-2.1216243582509815,-2.166880081364017,-2.1216243582509815,-2.077460540676331,2024-08-14,1
JPN,2024-03-31,0.2899999999999998,2024-06-30,2024-05-15,2024-08-14,0.8466923717763633,0.2567695517816716,0.3850191796078575,0.46232375523169167,0.2222825732192293,0.22754547288033633,0.29978223598566167,0.2545265128726261,0.29978223598566167,0.3439460535603122,2024-08-14,1
JPN,2024-06-30,0.36999999999999983,2024-09-30,2024-08-14,2024-11-14,0.8971102810363056,0.4469183105765653,0.3850191796078575,0.462331315996529,0.31892199420033596,0.32468205647699044,0.4278523966046278,0.38259667349159227,0.4278523966046278,0.47201621417927836,2024-08-14,1
MEX,2024-03-31,0.3699999999999999,2024-06-30,2024-05-15,2024-08-14,0.9250463536373214,0.4487330303276092,0.3850191796078575,0.46232879574158325,0.2867088538733005,0.29230319527810583,0.4138560927250807,0.3686003696120452,0.4138560927250807,0.45801991029973127,2024-08-14,1
MEX,2024-06-30,0.4499999999999999,2024-09-30,2024-08-14,2024-11-14,0.975464262897265,0.4580268652163499,0.3850191796078575,0.4623363565064206,0.38334827485440715,0.3894397788747599,0.4873787886581765,0.44212306554514097,0.4873787886581765,0.5315426062328271,2024-08-14,1
USA,2024-03-31,2.2,2024-06-30,2024-05-15,2024-08-14,1.640647735847933,2.2954196819511914,1.9840678783878143,0.6207440381715007,1.7812377807505506,1.822936031523383,2.184633150573689,2.139377427460653,2.184633150573689,2.2287969681483393,2024-08-14,1
USA,2024-06-30,2.2800000000000002,2024-09-30,2024-08-14,2024-11-14,1.6497772135624647,2.3068163124831704,1.8872459449581513,0.620751598936338,1.8778772017316576,1.920072615120037,2.2426451480714023,2.1973894249583665,2.2426451480714023,2.2868089656460526,2024-08-14,1
BRA,2024-06-30,-0.2800000000000001,2024-09-30,2024-08-14,2024-11-14,0.2075182514130981,-0.26659502785730205,0.3802244294725544,0.43609725294829527,-0.2061666359784728,-0.20313154932163013,-0.2999540289356901,-0.3706279878273967,-0.2999540289356901,-0.22946953232069198,2024-11-14,1
BRA,2024-09-30,-0.3200000000000001,2024-12-31,2024-11-14,2025-02-14,0.23942676735006985,-0.26975315743529843,0.3802244294725544,0.4361107164504699,-0.14167018689281863,-0.13830596789474975,-0.2557570823759763,-0.32643104126768285,-0.2557570823759763,-0.18527258576097813,2024-11-14,1
CAN,2024-06-30,1.58,2024-09-30,2024-08-14,2024-11-14,1.546962972413999,1.7352015209287854,0.3802244294725544,0.3116515336740695,1.3039559561808123,1.2798978901704452,1.5100040242779849,1.4393300653862784,1.5100040242779849,1.580488520892983,2024-11-14,1
CAN,2024-09-30,1.54,2024-12-31,2024-11-14,2025-02-14,1.5789534857287568,1.813208467994468,0.3802244294725544,0.3116649971762441,1.3684524052664664,1.3447234715973257,1.5803613253443087,1.5096873664526023,1.5803613253443087,1.650845821959307,2024-11-14,1
CHN,2024-06-30,0.02000000000000017,2024-09-30,2024-08-14,2024-11-14,0.5014433865117922,0.11521817750922833,0.3802244294725544,0.43614774108145,0.035695048092730525,0.039964381029171464,0.026603570121302045,-0.044070388770404506,0.026603570121302045,0.09708806673630019,2024-11-14,1
CHN,2024-09-30,-0.01999999999999983,2024-12-31,2024-11-14,2025-02-14,0.5333519024487628,0.11448077687618925,0.3802244294725544,0.4361612045836246,0.10019149717838469,0.10478996245605186,0.07158026560815589,0.0009063067164493399,0.07158026560815589,0.14206476222315403,2024-11-14,1
DEU,2024-06-30,0.5399999999999997,2024-09-30,2024-08-14,2024-11-14,1.010913620682866,0.5581851775721767,0.3802244294725544,0.4362352538455849,0.45492196714948224,0.4613306603038936,0.5221446495370724,0.4514706906453658,0.5221446495370724,0.5926291461520705,2024-11-14,1
DEU,2024-09-30,0.4999999999999997,2024-12-31,2024-11-14,2025-02-14,1.0428221366198374,0.5890601651355689,0.3802244294725544,0.43624871734775955,0.5194184162351365,0.5261562417307739,0.5773041149006847,0.5066301560089781,0.5773041149006847,0.6477886115156828,2024-11-14,1
FRA,2024-06-30,-1.41,2024-09-30,2024-08-14,2024-11-14,-0.8995997574586525,-1.5283633075417917,0.3802244294725544,0.435907080980079,-1.1171789793133378,-1.118792886976315,-1.4731685473942435,-1.54384250628595,-1.4731685473942435,-1.4026840507792453,2024-11-14,1
FRA,2024-09-30,-1.45,2024-12-31,2024-11-14,2025-02-14,-0.8676912415216809,-1.3939474191576915,0.3802244294725544,0.4359205444822536,-1.0526825302276834,-1.0539673055494347,-1.3846571834224601,-1.4553311423141666,-1.3846571834224601,-1.314172686807462,2024-11-14,1
GBR,2024-06-30,0.88,2024-09-30,2024-08-14,2024-11-14,0.8957546448588651,0.5779898374880894,0.3802244294725544,0.37740458546420685,0.737098765023789,0.7194434403033358,0.6695921218824749,0.5989181629907683,0.6695921218824749,0.740076618497473,2024-11-14,1
GBR,2024-09-30,0.8400000000000001,2024-12-31,2024-11-14,2025-02-14,0.927581163418056,0.7596102576224626,0.3802244294725544,0.3774180489663814,0.8015952141094433,0.7842690217302162,0.7732926862538725,0.7026187273621659,0.7732926862538725,0.8437771828688706,2024-11-14,1
IND,2024-06-30,-2.15,2024-09-30,2024-08-14,2024-11-14,-1.6246150907021037,-2.1341094103537688,0.3802244294725544,0.435782543584964,-1.713771133355639,-1.7184295151749587,-2.1704279679178202,-2.241101926809527,-2.1704279679178202,-2.099943471302822,2024-11-14,1
IND,2024-09-30,-2.19,2024-12-31,2024-11-14,2025-02-14,-1.5927065747651319,-2.1671250922943943,0.3802244294725544,0.4357960070871386,-1.6492746842699844,-1.6536039337480781,-2.1358485353182264,-2.206522494209933,-2.1358485353182264,-2.0653640387032284,2024-11-14,1
JPN,2024-06-30,0.36999999999999983,2024-09-30,2024-08-14,2024-11-14,0.8443560441269364,0.4447382108180502,0.3802244294725544,0.4362066439034639,0.3178670128424672,0.3235762997717728,0.37024526049748474,0.29957130160577816,0.37024526049748474,0.44072975711248286,2024-11-14,1
JPN,2024-09-30,0.3299999999999998,2024-12-31,2024-11-14,2025-02-14,0.8762645600639073,0.3933480605499832,0.3802244294725544,0.43622010740563844,0.38236346192812143,0.3884018811986532,0.3989060329369062,0.3282320740451996,0.3989060329369062,0.4693905295519043,2024-11-14,1
MEX,2024-06-30,0.4499999999999999,2024-09-30,2024-08-14,2024-11-14,0.922736080153257,0.4629068678064433,0.3802244294725544,0.43622010740563844,0.38236346192812143,0.38840188119865326,0.43038309202091996,0.3597091331292134,0.43038309202091996,0.5008675886359181,2024-11-14,1
MEX,2024-09-30,0.40999999999999986,2024-12-31,2024-11-14,2025-02-14,0.9546445960902292,0.4763802673648025,0.3802244294725544,0.43623357090781306,0.44685991101377565,0.45322746262553365,0.4799372748907088,0.40926331599900223,0.4799372748907088,0.5504217715057069,2024-11-14,1
USA,2024-06-30,2.2800000000000002,2024-09-30,2024-08-14,2024-11-14,1.6495259769456154,2.3648731897023887,1.8847817433526632,0.6277977666730632,1.8814981590028637,1.9241393853186588,2.205118815348156,2.134444856456449,2.205118815348156,2.275603311963154,2024-11-14,1
USA,2024-09-30,2.24,2024-12-31,2024-11-14,2025-02-14,1.68200847452711,2.3653661575897678,2.0772835621916563,0.6278112301752378,1.9459946080885178,1.9889649667455394,2.264340111744385,2.1936661528526784,2.264340111744385,2.334824608359383,2024-11-14,1
BRA,2024-09-30,-0.3200000000000001,2024-12-31,2024-11-14,2025-02-14,0.2095287551197073,-0.2565840002636572,0.37637567481716044,0.41302062993894734,-0.1434210390150896,-0.1401126560407978,-0.21186398675969811,-0.34413628395025675,-0.21186398675969811,-0.06633163380741591,2025-02-14,1
BRA,2024-12-31,-0.08000000000000007,2025-03-31,2025-02-14,2025-05-15,0.1054755492080332,-0.21594343250759557,0.37637567481716044,0.41299972865146595,-0.1757059343025034,-0.1725609777347561,-0.23484574542560732,-0.36711804261616593,-0.23484574542560732,-0.08931339247332512,2025-02-14,1
CAN,2024-09-30,1.54,2024-12-31,2024-11-14,2025-02-14,1.5740628077529046,1.796740165484321,0.37637567481716044,0.30715860369938686,1.3704244054930559,1.3465216574673042,1.5730000488435103,1.4407277516529517,1.5730000488435103,1.7185324017957926,2025-02-14,1
CHN,2024-09-30,-0.01999999999999983,2024-12-31,2024-11-14,2025-02-14,0.5035421685627328,0.11957930521857212,0.37637567481716044,0.4131773895950584,0.09871567564051405,0.10324975666388919,0.11032240766013035,-0.021949889530428257,0.11032240766013035,0.2558547606124125,2025-02-14,1
CHN,2024-12-31,0.2200000000000002,2025-03-31,2025-02-14,2025-05-15,0.39948896265105527,0.14270406309218428,0.37637567481716044,0.4131564883075769,0.06643078035310027,0.07080143496993095,0.08067657536326803,-0.05159572182729058,0.08067657536326803,0.22620892831555023,2025-02-14,1
DEU,2024-09-30,0.4999999999999997,2024-12-31,2024-11-14,2025-02-14,1.0131654185306513,0.584931552505874,0.37637567481716044,0.4134491063323174,0.518419314376893,0.525077938685346,0.5977604908888202,0.4654881936982616,0.5977604908888202,0.7432928438411024,2025-02-14,1
DEU,2024-12-31,0.7399999999999998,2025-03-31,2025-02-14,2025-05-15,0.9091122126189765,0.6290846026773157,0.37637567481716044,0.413428205044836,0.4861344190894792,0.49262961699138774,0.5761150930078592,0.44384279581730063,0.5761150930078592,0.7216474459601414,2025-02-14,1
FRA,2024-09-30,-1.45,2024-12-31,2024-11-14,2025-02-14,-0.8979217688490309,-1.3826869172397662,0.37637567481716044,0.4124301685675959,-1.055469330884529,-1.056777743895118,-1.3148028685137987,-1.4470751657043572,-1.3148028685137987,-1.1692705155615164,2025-02-14,1
FRA,2024-12-31,-1.21,2025-03-31,2025-02-14,2025-05-15,-1.0019749747607047,-1.2146529546903024,0.37637567481716044,0.4124092672801145,-1.0877542261719433,-1.0892260655890762,-1.2893164736259943,-1.4215887708165529,-1.2893164736259943,-1.143784120673712,2025-02-14,1
GBR,2024-09-30,0.8400000000000001,2024-12-31,2024-11-14,2025-02-14,0.9251677121150232,1.1053289640608526,0.37637567481716044,0.424460861402778,0.8059254969797447,0.7887561674327184,0.9043685722878771,0.7720962750973186,0.9043685722878771,1.0499009252401594,2025-02-14,1
IND,2024-09-30,-2.19,2024-12-31,2024-11-14,2025-02-14,-1.6231548553418367,-2.1500487549447183,0.37637567481716044,0.41204349474918883,-1.6527398937016842,-1.6570716952333455,-2.0484624890516074,-2.180734786242166,-2.0484624890516074,-1.9029301360993252,2025-02-14,1
IND,2024-12-31,-1.9500000000000002,2025-03-31,2025-02-14,2025-05-15,-1.7272080612535097,-1.9186989960029142,0.37637567481716044,0.4120225934617074,-1.6850247889890984,-1.6895200169273037,-1.9988869351701484,-2.131159232360707,-1.9988869351701484,-1.853354582217866,2025-02-14,1
JPN,2024-09-30,0.3299999999999998,2024-12-31,2024-11-14,2025-02-14,0.8465578175795989,0.40393872084426385,0.37637567481716044,0.41336027586052126,0.38120850940538453,0.3871725714860236,0.42742623546459857,0.29515393827403996,0.42742623546459857,0.5729585884168807,2025-02-14,1
JPN,2024-12-31,0.5699999999999998,2025-03-31,2025-02-14,2025-05-15,0.7425046116679219,0.5139004517882758,0.37637567481716044,0.41333937457303976,0.3489236141179707,0.3547242497920653,0.43081844059300023,0.2985461434024416,0.43081844059300023,0.5763507935452824,2025-02-14,1
MEX,2024-09-30,0.40999999999999986,2024-12-31,2024-11-14,2025-02-14,0.924961394497743,0.46854977531590497,0.37637567481716044,0.41340207843548415,0.4457782999802121,0.45206921487394014,0.49976048723914157,0.36748819004858296,0.49976048723914157,0.6452928401914237,2025-02-14,1
MEX,2024-12-31,0.6499999999999999,2025-03-31,2025-02-14,2025-05-15,0.8209081885860701,0.6202123738828274,0.37637567481716044,0.41338117714800265,0.41349340469279827,0.41962089317998186,0.5190182249451798,0.3867459277546212,0.5190182249451798,0.664550577897462,2025-02-14,1
USA,2024-09-30,2.24,2024-12-31,2024-11-14,2025-02-14,1.7009382687332355,2.2859166346874367,2.098836446634122,0.6375005101825256,1.9494285398164304,1.9926844483558206,2.198911922253469,2.06663962506291,2.198911922253469,2.3444442752057513,2025-02-14,1
BRA,2024-12-31,-0.08000000000000007,2025-03-31,2025-02-14,2025-05-15,0.07054353779616879,-0.20632671353671692,0.372151974602779,0.3906845986687082,-0.17904026364136305,-0.1760452470496004,-0.14605114345425158,-0.2230984098627042,-0.14605114345425158,-0.08133713031390315,2025-05-15,1
BRA,2025-03-31,0.039999999999999925,2025-06-30,2025-05-15,2025-08-14,0.33419465307731433,-0.18123774072395918,0.372151974602779,0.3421414092631979,0.016753593359728064,0.015009685734103051,0.032695224008590235,-0.0443520423998624,0.032695224008590235,0.09740923714893866,2025-05-15,1
CHN,2024-12-31,0.2200000000000002,2025-03-31,2025-02-14,2025-05-15,0.36464414977819776,0.13470132149825698,0.372151974602779,0.3910064465741539,0.0634037784957846,0.06761689042629437,0.16256336937835042,0.08551610296989778,0.16256336937835042,0.22727738251869883,2025-05-15,1
CHN,2025-03-31,0.3400000000000002,2025-06-30,2025-05-15,2025-08-14,0.628295265059349,0.28498650823735056,0.372151974602779,0.34246325716864356,0.2591976354968757,0.2586718232099979,0.37925073531973863,0.302203468911286,0.37925073531973863,0.44396474846008704,2025-05-15,1
DEU,2024-12-31,0.7399999999999998,2025-03-31,2025-02-14,2025-05-15,0.8744185438803966,0.6130504118080768,0.372151974602779,0.39156431627692634,0.48364011820017316,0.48996459538451137,0.6633211462086415,0.5862738798001889,0.6633211462086415,0.7280351593489899,2025-05-15,1
DEU,2025-03-31,0.8599999999999998,2025-06-30,2025-05-15,2025-08-14,1.1380696591615431,0.7880451927563727,0.372151974602779,0.3430211268714161,0.6794339752012643,0.6810195281682148,0.8874968110921067,0.810449544683654,0.8874968110921067,0.9522108242324551,2025-05-15,1
FRA,2024-12-31,-1.21,2025-03-31,2025-02-14,2025-05-15,-1.0372354340028251,-1.209612811318068,0.372151974602779,0.3894723048915295,-1.092246155691285,-1.0938392982088034,-1.2232648282341554,-1.300312094642608,-1.2232648282341554,-1.1585508150938069,2025-05-15,1
FRA,2025-03-31,-1.0899999999999999,2025-06-30,2025-05-15,2025-08-14,-0.7735843187216804,-0.9771897410177377,0.372151974602779,0.34092911548601923,-0.8964522986901938,-0.9027843654250998,-0.9816853891422072,-1.0587326555506598,-0.9816853891422072,-0.9169713760018587,2025-05-15,1
IND,2024-12-31,-1.9500000000000002,2025-03-31,2025-02-14,2025-05-15,-1.76268361022518,-1.9109850931816423,0.372151974602779,0.38867841339143017,-1.6902747929629154,-1.6948725706493433,-1.942138097136691,-2.0191853635451436,-1.942138097136691,-1.8774240839963425,2025-05-15,1
IND,2025-03-31,-1.83,2025-06-30,2025-05-15,2025-08-14,-1.4990324949440363,-1.7979987149289918,0.372151974602779,0.3401352239859199,-1.4944809359618243,-1.50381763786564,-1.7367542202678128,-1.8138014866762655,-1.7367542202678128,-1.6720402071274643,2025-05-15,1
JPN,2024-12-31,0.5699999999999998,2025-03-31,2025-02-14,2025-05-15,0.7077615304239055,0.48568542963279365,0.372151974602779,0.39138193579717384,0.346255160989123,0.35188938414817106,0.508405957592092,0.43135869118363934,0.508405957592092,0.5731199707324404,2025-05-15,1
JPN,2025-03-31,0.6899999999999998,2025-06-30,2025-05-15,2025-08-14,0.971412645705056,0.6421966129125761,0.372151974602779,0.34283874639166356,0.5420490179902141,0.5429443169318746,0.7269801260003398,0.6499328595918872,0.7269801260003398,0.7916941391406882,2025-05-15,1
MEX,2024-12-31,0.6499999999999999,2025-03-31,2025-02-14,2025-05-15,0.7861883602857899,0.6060941690610046,0.372151974602779,0.39146776190529264,0.41090690555902903,0.41686595414174304,0.5996334845077671,0.5225862180993145,0.5996334845077671,0.6643474976481155,2025-05-15,1
MEX,2025-03-31,0.7699999999999999,2025-06-30,2025-05-15,2025-08-14,1.0498394755669334,0.6680314772135189,0.372151974602779,0.34292457249978237,0.6067007625601202,0.6079208869254464,0.7895468241274918,0.7124995577190392,0.7895468241274918,0.8542608372678402,2025-05-15,1
BRA,2025-03-31,0.039999999999999925,2025-06-30,2025-05-15,2025-08-14,0.32648975025646154,-0.16788973527407258,0.3680546264002558,0.3195788864809855,0.018081744132616748,0.016301752437786365,-0.021575122462848963,-0.062328707490817314,-0.021575122462848963,0.018343488007388255,2025-08-14,1
BRA,2025-06-30,0.11999999999999993,2025-09-30,2025-08-14,2025-11-14,0.38392977416892937,0.1532000541078714,0.3680546264002558,0.3197592459805968,0.11512951891149367,0.11383595501525406,0.13397306935079675,0.0932194843228284,0.13397306935079675,0.17389167982103398,2025-08-14,1
CHN,2025-03-31,0.3400000000000002,2025-06-30,2025-05-15,2025-08-14,0.6206449002567274,0.29953842606146597,0.3680546264002558,0.32002978523001385,0.26070118107980933,0.2601372588814559,0.3199629435832996,0.27920935855533124,0.3199629435832996,0.3598815540535368,2025-08-14,1
CHN,2025-06-30,0.4200000000000002,2025-09-30,2025-08-14,2025-11-14,0.6780849241691944,0.4572788250123236,0.3680546264002558,0.3202101447296252,0.3577489558586862,0.3576714614589236,0.4299265441994614,0.3891729591714931,0.4299265441994614,0.4698451546696986,2025-08-14,1
DEU,2025-03-31,0.8599999999999998,2025-06-30,2025-05-15,2025-08-14,1.1305138269238557,0.7841396206247356,0.3680546264002558,0.32081134306166315,0.6812415384549423,0.6827854700504823,0.8210975775327092,0.7803439925047408,0.8210975775327092,0.8610161880029464,2025-08-14,1
DEU,2025-06-30,0.9399999999999997,2025-09-30,2025-08-14,2025-11-14,1.1879538508363234,1.022107376487069,0.3680546264002558,0.32099170256127457,0.7782893132338191,0.7803196726279502,0.9534495767710692,0.9126959917431009,0.9534495767710692,0.9933681872413065,2025-08-14,1
FRA,2025-03-31,-1.0899999999999999,2025-06-30,2025-05-15,2025-08-14,-0.7814946480778746,-1.0161389526007847,0.3680546264002558,0.31788050119297834,-0.8957848017018075,-0.9021453218333677,-1.053419971093312,-1.0941735561212804,-1.053419971093312,-1.013501360623075,2025-08-14,1
FRA,2025-06-30,-1.0099999999999998,2025-09-30,2025-08-14,2025-11-14,-0.7240546241654053,-0.9302897659044777,0.3680546264002558,0.31806086069258965,-0.7987370269229307,-0.8046111192559002,-0.9635184687357764,-1.0042720537637448,-0.9635184687357764,-0.9235998582655391,2025-08-14,1
IND,2025-03-31,-1.83,2025-06-30,2025-05-15,2025-08-14,-1.5070773514118654,-1.802437142061477,0.3680546264002558,0.31676828427870807,-1.4942460795048822,-1.5036062377277524,-1.7935509701804464,-1.8343045552084147,-1.7935509701804464,-1.7536323597102093,2025-08-14,1
IND,2025-06-30,-1.75,2025-09-30,2025-08-14,2025-11-14,-1.449637327499397,-1.7302346776336626,0.3680546264002558,0.31694864377831955,-1.397198304726005,-1.4060720351502847,-1.7074577480629114,-1.7482113330908797,-1.7074577480629114,-1.6675391375926742,2025-08-14,1
JPN,2025-03-31,0.6899999999999998,2025-06-30,2025-05-15,2025-08-14,0.9638259085903711,0.648317208926588,0.3680546264002558,0.320555833770547,0.5437571908515334,0.5446120163990698,0.6635732679169974,0.6228196828890291,0.6635732679169974,0.7034918783872347,2025-08-14,1
JPN,2025-06-30,0.7699999999999998,2025-09-30,2025-08-14,2025-11-14,1.0212659325028381,0.746270115114919,0.3680546264002558,0.32073619327015856,0.6408049656304102,0.6421462189765375,0.7568524572285938,0.7160988722006255,0.7568524572285938,0.7967710676988311,2025-08-14,1
MEX,2025-03-31,0.7699999999999999,2025-06-30,2025-05-15,2025-08-14,1.042267281923776,0.6833637907337422,0.3680546264002558,0.3206760734369546,0.6084557073707847,0.6096348181173816,0.7296458803856427,0.6888922953576744,0.7296458803856427,0.76956449085588,2025-08-14,1
MEX,2025-06-30,0.8499999999999999,2025-09-30,2025-08-14,2025-11-14,1.0997073058362443,0.8820681571053764,0.3680546264002558,0.32085643293656607,0.7055034821496616,0.7071690206948493,0.8510409635667241,0.8102873785387558,0.8510409635667241,0.8909595740369614,2025-08-14,1
BRA,2025-06-30,0.11999999999999993,2025-09-30,2025-08-14,2025-11-14,0.3626897663925208,0.15118641830400456,0.3649526928524451,0.3023925753339691,0.1151649770251151,0.11392206463633447,0.07281862617930632,0.016453647080271944,0.07281862617930632,0.13356278270450833,2025-11-14,1
BRA,2025-09-30,0.07999999999999993,2025-12-31,2025-11-14,2026-02-14,0.40104263346562924,0.1894460352281806,0.3649526928524451,0.3025449885364545,0.17991732359941254,0.17899783093066535,0.12618772725765645,0.06982274815862208,0.12618772725765645,0.18693188378285847,2025-11-14,1
CHN,2025-06-30,0.4200000000000002,2025-09-30,2025-08-14,2025-11-14,0.6568990120350364,0.4586127133042071,0.3649526928524451,0.3029641248432893,0.35798627667873056,0.35795618824007536,0.3673549125530705,0.31098993345403614,0.3673549125530705,0.42809906907827255,2025-11-14,1
CHN,2025-09-30,0.38000000000000017,2025-12-31,2025-11-14,2026-02-14,0.6952518791081442,0.46163126901415785,0.3649526928524451,0.30311653804577465,0.4227386232530281,0.42303195453440623,0.40996738693248935,0.353602407833455,0.40996738693248935,0.4707115434576914,2025-11-14,1
DEU,2025-06-30,0.9399999999999997,2025-09-30,2025-08-14,2025-11-14,1.1668617044820657,1.0265020531261326,0.3649526928524451,0.30395481065944413,0.7788765294116633,0.7809486691532257,0.8885727411549258,0.8322077620558914,0.8885727411549258,0.9493168976801278,2025-11-14,1
DEU,2025-09-30,0.8999999999999998,2025-12-31,2025-11-14,2026-02-14,1.205214571555174,1.0112334573879844,0.3649526928524451,0.3041072238619295,0.8436288759859607,0.8460244354475563,0.9256034295512763,0.8692384504522419,0.9256034295512763,0.9863475860764783,2025-11-14,1
FRA,2025-06-30,-1.0099999999999998,2025-09-30,2025-08-14,2025-11-14,-0.7454983921942946,-0.9306353688722178,0.3649526928524451,0.3002397388488631,-0.7994619183368357,-0.8052731342710886,-1.0133579462615383,-1.0697229253605727,-1.0133579462615383,-0.9526137897363363,2025-11-14,1
FRA,2025-09-30,-1.0499999999999998,2025-12-31,2025-11-14,2026-02-14,-0.7071455251211856,-0.9883181656467451,0.3649526928524451,0.3003921520513485,-0.7347095717625383,-0.7401973679767577,-0.9892733415403749,-1.0456383206394093,-0.9892733415403749,-0.9285291850151729,2025-11-14,1
IND,2025-06-30,-1.75,2025-09-30,2025-08-14,2025-11-14,-1.471214531445833,-1.7249160286825542,0.3649526928524451,0.29882991672587345,-1.3984211241490865,-1.4072239724936495,-1.7508576068559503,-1.8072225859549846,-1.7508576068559503,-1.6901134503307482,2025-11-14,1
IND,2025-09-30,-1.79,2025-12-31,2025-11-14,2026-02-14,-1.4328616643727243,-1.7107229817467429,0.3649526928524451,0.2989823299283588,-1.3336687775747893,-1.3421482061993182,-1.704834343285582,-1.7611993223846163,-1.704834343285582,-1.6440901867603799,2025-11-14,1
JPN,2025-06-30,0.7699999999999998,2025-09-30,2025-08-14,2025-11-14,1.0001431319513066,0.7362790007955856,0.3649526928524451,0.3036309326041628,0.6412777929412814,0.6426626657777725,0.6862576504451241,0.6298926713460897,0.6862576504451241,0.7470018069703261,2025-11-14,1
JPN,2025-09-30,0.7299999999999999,2025-12-31,2025-11-14,2026-02-14,1.0384959990244145,0.8078721406234254,0.3649526928524451,0.3037833458066481,0.7060301395155788,0.7077384320721034,0.7498011404346189,0.6934361613355845,0.7498011404346189,0.8105452969598209,2025-11-14,1
MEX,2025-06-30,0.8499999999999999,2025-09-30,2025-08-14,2025-11-14,1.0785989307893125,0.8870080223311445,0.3649526928524451,0.3037833458066481,0.7060301395155788,0.7077384320721034,0.785784813869824,0.7294198347707896,0.785784813869824,0.8465289703950261,2025-11-14,1
MEX,2025-09-30,0.8099999999999999,2025-12-31,2025-11-14,2026-02-14,1.1169517978624213,0.9476143815436462,0.3649526928524451,0.3039357590091335,0.7707824860898762,0.7728141983664343,0.8459748095651534,0.789609830466119,0.8459748095651534,0.9067189660903554,2025-11-14,1
BRA,2025-09-30,0.07999999999999993,2025-12-31,2025-11-14,2026-02-14,0.3891828709093542,0.17724530039239064,0.36251496333616584,0.2908727401926818,0.1795851974543048,0.17868650770988495,0.19814216283369723,0.06492896807659093,0.19814216283369723,0.342539802830842,2026-02-14,1
BRA,2025-12-31,0.31999999999999995,2026-03-31,2026-02-14,2026-05-15,0.2862759038614704,0.2604416131166286,0.36251496333616584,0.2907849413636339,0.14718130355646875,0.14612120452322053,0.19283952420568307,0.059626329448576765,0.19283952420568307,0.33723716420282784,2026-02-14,1
CHN,2025-09-30,0.38000000000000017,2025-12-31,2025-11-14,2026-02-14,0.6834463787633084,0.46127652689952736,0.36251496333616584,0.29153123141054066,0.4226144016880754,0.4229262816098684,0.48438336533222826,0.35117017057512195,0.48438336533222826,0.628781005329373,2026-02-14,1
CHN,2025-12-31,0.6200000000000002,2026-03-31,2026-02-14,2026-05-15,0.5805394117154223,0.5306165978656968,0.36251496333616584,0.29144343258149286,0.3902105077902393,0.39036097842320394,0.4737083436014551,0.3404951488443488,0.4737083436014551,0.6181059835985998,2026-02-14,1
DEU,2025-09-30,0.8999999999999998,2025-12-31,2025-11-14,2026-02-14,1.1935031257101618,1.043855664525702,0.36251496333616584,0.29267261618816254,0.8438650223599435,0.8462752230365056,1.0155300159102618,0.8823168211531556,1.0155300159102618,1.1599276559074065,2026-02-14,1
DEU,2025-12-31,1.1399999999999997,2026-03-31,2026-02-14,2026-05-15,1.0905961586622777,1.1307283715574512,0.36251496333616584,0.2925848173591148,0.8114611284621076,0.8137099198498412,1.0116527997742628,0.8784396050171566,1.0116527997742628,1.1560504397714075,2026-02-14,1
FRA,2025-09-30,-1.0499999999999998,2025-12-31,2025-11-14,2026-02-14,-0.7192096753405393,-0.970740716352771,0.36251496333616584,0.2883924232720801,-0.7358248051595634,-0.7412833073133849,-0.9103277915614325,-1.0435409863185388,-0.9103277915614325,-0.7659301515642878,2026-02-14,1
FRA,2025-12-31,-0.8099999999999999,2026-03-31,2026-02-14,2026-05-15,-0.8221166423884207,-0.846559342425079,0.36251496333616584,0.28830462444303223,-0.7682286990573994,-0.7738486105000494,-0.8997395808437538,-1.03295277560086,-0.8997395808437538,-0.7553419408466091,2026-02-14,1
IND,2025-09-30,-1.79,2025-12-31,2025-11-14,2026-02-14,-1.4450596613803006,-1.6838812159832635,0.36251496333616584,0.2867681449346949,-1.3352968422695306,-1.343741416266677,-1.6212476477457116,-1.7544608425028179,-1.6212476477457116,-1.476850007748567,2026-02-14,1
IND,2025-12-31,-1.5499999999999998,2026-03-31,2026-02-14,2026-05-15,-1.547966628428184,-1.590854242298979,0.36251496333616584,0.2866803461056471,-1.3677007361673663,-1.3763067194533414,-1.622738713383528,-1.7559519081406343,-1.622738713383528,-1.4783410733863833,2026-02-14,1
JPN,2025-09-30,0.7299999999999999,2025-12-31,2025-11-14,2026-02-14,1.0267538045929216,0.8001101603954136,0.36251496333616584,0.29229947116470933,0.7061484732941404,0.7078726844931817,0.821225348405918,0.6880121536488117,0.821225348405918,0.9656229884030627,2026-02-14,1
JPN,2025-12-31,0.9699999999999999,2026-03-31,2026-02-14,2026-05-15,0.9238468375450362,0.9039751954125779,0.36251496333616584,0.2922116723356615,0.6737445793963044,0.6753073813065175,0.8239364480152193,0.6907232532581129,0.8239364480152193,0.9683340880123641,2026-02-14,1
MEX,2025-09-30,0.8099999999999999,2025-12-31,2025-11-14,2026-02-14,1.1052240733539769,0.9418523010929015,0.36251496333616584,0.292475068822805,0.7709562610898126,0.7730032908665107,0.9231462374816948,0.7899330427245885,0.9231462374816948,1.0675438774788395,2026-02-14,1
MEX,2025-12-31,1.0499999999999998,2026-03-31,2026-02-14,2026-05-15,1.002317106306094,1.0035020156300032,0.36251496333616584,0.2923872699937572,0.7385523671919766,0.7404379876798464,0.9094894879740053,0.776276293216899,0.9094894879740053,1.0538871279711501,2026-02-14,1
BRA,2025-12-31,0.31999999999999995,2026-03-31,2026-02-14,2026-05-15,0.26795831316186347,0.24397791252181486,0.35980866722903715,0.2805771767606563,0.14431149851434527,0.1431838921390656,0.2805772128112325,0.2341116689184749,0.2805772128112325,0.33314952694339933,2026-05-15,1
BRA,2026-03-31,0.43999999999999995,2026-06-30,2026-05-15,2026-08-14,0.4927287423148245,0.45157859344206686,0.35980866722903715,0.5253931083338977,0.3213957157131197,0.32088501405068165,0.47972586606428896,0.4332603221715314,0.47972586606428896,0.5322981801964558,2026-05-15,1
CHN,2025-12-31,0.6200000000000002,2026-03-31,2026-02-14,2026-05-15,0.5622775079875897,0.525623888423025,0.35980866722903715,0.2813043647142289,0.3875745130986698,0.38765795828628424,0.5663929072202727,0.5199273633275151,0.5663929072202727,0.6189652213524396,2026-05-15,1
CHN,2026-03-31,0.7400000000000002,2026-06-30,2026-05-15,2026-08-14,0.7870479371405545,0.6736494994959148,0.35980866722903715,0.5261202962874701,0.5646587302974444,0.5653590801979004,0.7474892434565279,0.7010236995637703,0.7474892434565279,0.8000615575886948,2026-05-15,1
DEU,2025-12-31,1.1399999999999997,2026-03-31,2026-02-14,2026-05-15,1.0724307790188583,1.1190227954858085,0.35980866722903715,0.28256482383375436,0.8092304050448318,0.8114130062747961,1.093688071005959,1.0472225271132016,1.093688071005959,1.146260385138126,2026-05-15,1
DEU,2026-03-31,1.2599999999999998,2026-06-30,2026-05-15,2026-08-14,1.2972012081718205,1.2049163269300518,0.35980866722903715,0.5273807554069958,0.9863146222436061,0.989114128186412,1.25595727029981,1.2094917264070526,1.25595727029981,1.3085295844319769,2026-05-15,1
FRA,2025-12-31,-0.8099999999999999,2026-03-31,2026-02-14,2026-05-15,-0.8406439873483822,-0.8437321230599378,0.35980866722903715,0.2778381021355333,-0.7719791897532762,-0.7776684236821237,-0.8041293071231159,-0.8505948510158735,-0.8041293071231159,-0.751556992990949,2026-05-15,1
FRA,2026-03-31,-0.69,2026-06-30,2026-05-15,2026-08-14,-0.6158735581954247,-0.651178058871345,0.35980866722903715,0.5226540337087748,-0.5948949725545019,-0.5999673017705079,-0.609540049200459,-0.6560055930932166,-0.609540049200459,-0.5569677350682921,2026-05-15,1
IND,2025-12-31,-1.5499999999999998,2026-03-31,2026-02-14,2026-05-15,-1.566631334585184,-1.585381160777863,0.35980866722903715,0.27604437185005454,-1.3720279590612765,-1.3807044535119295,-1.523359652793389,-1.5698251966861465,-1.523359652793389,-1.4707873386612222,2026-05-15,1
IND,2026-03-31,-1.43,2026-06-30,2026-05-15,2026-08-14,-1.341860905432225,-1.5640236333848951,0.35980866722903715,0.520860303423296,-1.194943741862502,-1.2030033316003137,-1.3806460227521844,-1.4271115666449419,-1.3806460227521844,-1.3280737086200176,2026-05-15,1
JPN,2025-12-31,0.9699999999999999,2026-03-31,2026-02-14,2026-05-15,0.9056499019509439,0.9202056868229301,0.35980866722903715,0.2821527506600633,0.671381363447048,0.6728777021247055,0.9198421693788079,0.8733766254860503,0.9198421693788079,0.9724144835109748,2026-05-15,1
JPN,2026-03-31,1.0899999999999999,2026-06-30,2026-05-15,2026-08-14,1.1304203311039078,1.088701332745372,0.35980866722903715,0.5269686822333047,0.8484655806458223,0.8505788240363216,1.1071412941203198,1.0606757502275623,1.1071412941203198,1.1597136082524866,2026-05-15,1
MEX,2025-12-31,1.0499999999999998,2026-03-31,2026-02-14,2026-05-15,0.9841350205711417,0.9830639190886634,0.35980866722903715,0.2823466674476828,0.7362515006695345,0.7380707864306307,0.9923485172670814,0.9458829733743238,0.9923485172670814,1.0449208313992482,2026-05-15,1
MEX,2026-03-31,1.17,2026-06-30,2026-05-15,2026-08-14,1.2089054497241005,1.2006155269339145,0.35980866722903715,0.5271625990209242,0.9133357178683088,0.9157719083422465,1.1945124802448486,1.148046936352091,1.1945124802448486,1.2470847943770154,2026-05-15,1
BRA,2026-03-31,0.43999999999999995,2026-06-30,2026-05-15,2026-08-14,0.4940422427398148,0.4507867219130109,0.3589645874625871,0.5291371975939151,0.3212745568904004,0.32103212314893464,0.4495959431624054,0.4141684286280266,0.4495959431624054,0.4777360375627216,2026-08-14,1
BRA,2026-06-30,0.5199999999999999,2026-09-30,2026-08-14,2026-11-14,0.5536933497311387,0.5289448345461851,0.3589645874625871,0.5294513416191782,0.4186403244065294,0.418879827357754,0.5364039548653992,0.5009764403310204,0.5364039548653992,0.5645440492657153,2026-08-14,1
CHN,2026-03-31,0.7400000000000002,2026-06-30,2026-05-15,2026-08-14,0.7884056143593906,0.6554460992372341,0.3589645874625871,0.5299225576570725,0.564688975680723,0.5656513836709832,0.7112224548260566,0.6757949402916779,0.7112224548260566,0.7393625492263728,2026-08-14,1
CHN,2026-06-30,0.8200000000000002,2026-09-30,2026-08-14,2026-11-14,0.8480567213507141,0.7392906844157894,0.3589645874625871,0.5302367016823355,0.662054743196852,0.6634990878798026,0.7997016530284453,0.7642741384940666,0.7997016530284453,0.8278417474287615,2026-08-14,1
DEU,2026-03-31,1.2599999999999998,2026-06-30,2026-05-15,2026-08-14,1.2986354584999895,1.1981669615604769,0.3589645874625871,0.5312838484332121,0.9866073015839483,0.9896581019092002,1.2199528847588184,1.1845253702244396,1.2199528847588184,1.2480929791591346,2026-08-14,1
DEU,2026-06-30,1.3399999999999999,2026-09-30,2026-08-14,2026-11-14,1.358286565491313,1.3267055850805405,0.3589645874625871,0.5315979924584749,1.0839730691000773,1.0875058061180196,1.3215671280851726,1.2861396135507939,1.3215671280851726,1.349707222485489,2026-08-14,1
FRA,2026-03-31,-0.69,2026-06-30,2026-05-15,2026-08-14,-0.6147264570272544,-0.6643289047874927,0.3589645874625871,0.5261790080226888,-0.5955864205531474,-0.6003670914841143,-0.6370295908603174,-0.6724571053946962,-0.6370295908603174,-0.6088894964600012,2026-08-14,1
FRA,2026-06-30,-0.61,2026-09-30,2026-08-14,2026-11-14,-0.5550753500359296,-0.6643289047874927,0.3589645874625871,0.5264931520479518,-0.4982206530370184,-0.5025193872752949,-0.5731913168300842,-0.6086188313644629,-0.5731913168300842,-0.545051222429768,2026-08-14,1
IND,2026-03-31,-1.43,2026-06-30,2026-05-15,2026-08-14,-1.340822773688872,-1.5618906778576696,0.3589645874625871,0.5242417865335672,-1.196008653569276,-1.2037612674385008,-1.3977952122818742,-1.433222726816253,-1.3977952122818742,-1.369655117881558,2026-08-14,1
IND,2026-06-30,-1.3499999999999999,2026-09-30,2026-08-14,2026-11-14,-1.2811716666975486,-1.5618906778576696,0.3589645874625871,0.5245559305588303,-1.098642886053147,-1.1059135632296813,-1.3339569382516414,-1.3693844527860202,-1.3339569382516414,-1.3058168438513251,2026-08-14,1
JPN,2026-03-31,1.0899999999999999,2026-06-30,2026-05-15,2026-08-14,1.1318295479155644,1.0839260610624273,0.3589645874625871,0.5308388110640895,0.8486724642694323,0.8510405209467062,1.0722070950698563,1.0367795805354776,1.0722070950698563,1.1003471894701726,2026-08-14,1
JPN,2026-06-30,1.17,2026-09-30,2026-08-14,2026-11-14,1.1914806549068881,1.1981669615604769,0.3589645874625871,0.5311529550893523,0.9460382317855613,0.9488882251555256,1.1696194080262337,1.134191893491855,1.1696194080262337,1.19775950242655,2026-08-14,1
MEX,2026-03-31,1.17,2026-06-30,2026-05-15,2026-08-14,1.2103264470141166,1.1942410757477593,0.3589645874625871,0.5310482404142648,0.9135829759468514,0.9162723237525858,1.1583552456633837,1.122927731129005,1.1583552456633837,1.1864953400637,2026-08-14,1
MEX,2026-06-30,1.25,2026-09-30,2026-08-14,2026-11-14,1.2699775540054412,1.1981669615604769,0.3589645874625871,0.5313623844395279,1.0109487434629807,1.0141200279614053,1.2233472907381477,1.187919776203769,1.2233472907381477,1.251487385138464,2026-08-14,1
BRA,2026-06-30,0.5199999999999999,2026-09-30,2026-08-14,2026-11-14,0.5488712257872624,0.5393142368689847,0.3590369361850459,0.5207606467306015,0.42215430841701806,0.42292707407042623,0.47918569875044736,0.3998207498788542,0.47918569875044736,0.5588675032844092,2026-11-14,1
BRA,2026-09-30,0.4799999999999999,2026-12-31,2026-11-14,2027-02-14,0.5889343697237915,0.5923549546121716,0.3590369361850459,0.5209448308808449,0.4871191386719762,0.4882111572463973,0.5373198753653253,0.45795492649373215,0.5373198753653253,0.6170016798992871,2026-11-14,1
CHN,2026-06-30,0.8200000000000002,2026-09-30,2026-08-14,2026-11-14,0.8432812840603966,0.7150860759255976,0.3590369361850459,0.5214513372940142,0.6657724218731114,0.667742385980318,0.7347242887157546,0.6553593398441614,0.7347242887157546,0.8144060932497164,2026-11-14,1
CHN,2026-09-30,0.7800000000000002,2026-12-31,2026-11-14,2027-02-14,0.8833444279969251,0.9291145904429955,0.3590369361850459,0.5216355214442575,0.7307372521280695,0.7330264691562891,0.8373692995249508,0.7580043506533576,0.8373692995249508,0.9170511040589125,2026-11-14,1
DEU,2026-06-30,1.3399999999999999,2026-09-30,2026-08-14,2026-11-14,1.3535920517338331,1.3355406120256117,0.3590369361850459,0.5226485342705962,1.0880438185303392,1.0920889266241298,1.2649674454060218,1.1856024965344287,1.2649674454060218,1.3446492499399836,2026-11-14,1
DEU,2026-09-30,1.2999999999999998,2026-12-31,2026-11-14,2027-02-14,1.3936551956703616,1.5125469002132998,0.3590369361850459,0.5228327184208397,1.1530086487852973,1.157373009800101,1.3573763376355132,1.2780113887639202,1.3573763376355132,1.437058142169475,2026-11-14,1
FRA,2026-06-30,-0.61,2026-09-30,2026-08-14,2026-11-14,-0.5600733270415478,-0.6535630387583722,0.3590369361850459,0.5181590456084136,-0.4954739189342658,-0.49921060079016544,-0.630102560154099,-0.7094675090256922,-0.630102560154099,-0.5504207556201373,2026-11-14,1
FRA,2026-09-30,-0.6499999999999999,2026-12-31,2026-11-14,2027-02-14,-0.5200101831050178,-0.5616160759538005,0.3590369361850459,0.5183432297586569,-0.4305090886793077,-0.4339265176141943,-0.5612113605986583,-0.6405763094702515,-0.5612113605986583,-0.48152955606469655,2026-11-14,1
IND,2026-06-30,-1.3499999999999999,2026-09-30,2026-08-14,2026-11-14,-1.2862848041152843,-1.555571560245338,0.3590369361850459,0.5164553422186621,-1.0963985987926288,-1.1030883701678982,-1.3899475168853601,-1.4693124657569532,-1.3899475168853601,-1.3102657123513983,2026-11-14,1
IND,2026-09-30,-1.39,2026-12-31,2026-11-14,2027-02-14,-1.2462216601787555,-1.2881895188404826,0.3590369361850459,0.5166395263689055,-1.0314337685376707,-1.0378042869919266,-1.272551015363483,-1.351915964235076,-1.272551015363483,-1.1928692108295211,2026-11-14,1
JPN,2026-06-30,1.17,2026-09-30,2026-08-14,2026-11-14,1.186759685379057,1.210544187585006,0.3590369361850459,0.5222571429513289,0.9499935542385531,0.9533602498751913,1.1131416121704385,1.0337766632988454,1.1131416121704385,1.1928234167044003,2026-11-14,1
JPN,2026-09-30,1.13,2026-12-31,2026-11-14,2027-02-14,1.2268228293155858,1.1351650311425745,0.3590369361850459,0.5224413271015724,1.0149583844935113,1.0186443330511623,1.1357695215919823,1.0564045727203892,1.1357695215919823,1.215451326125944,2026-11-14,1
MEX,2026-06-30,1.25,2026-09-30,2026-08-14,2026-11-14,1.2652690342518937,1.210544187585006,0.3590369361850459,0.5224413271015724,1.0149583844935113,1.0186443330511623,1.1683256597774738,1.0889607109058808,1.1683256597774738,1.2480074643114356,2026-11-14,1
MEX,2026-09-30,1.21,2026-12-31,2026-11-14,2027-02-14,1.305332178188423,1.2605933504907338,0.3590369361850459,0.5226255112518157,1.0799232147484694,1.0839284162271334,1.225632714063694,1.146267765192101,1.225632714063694,1.3053145185976558,2026-11-14,1
